<?xml version="1.0" encoding="UTF-8"?>
<!DOCTYPE mapper PUBLIC "-//mybatis.org//DTD Mapper 3.0//EN" "http://mybatis.org/dtd/mybatis-3-mapper.dtd">
<mapper namespace="com.neuedu.hospital.mapper.AppointmentMapper">
  <resultMap id="BaseResultMap" type="com.neuedu.hospital.pojo.Appointment">
    <id column="appointment_id" jdbcType="INTEGER" property="appointmentId" />
    <result column="patient_id" jdbcType="INTEGER" property="patientId" />
    <result column="doctor_id" jdbcType="INTEGER" property="doctorId" />
    <result column="ilness" jdbcType="VARCHAR" property="ilness" />
    <result column="booktime" jdbcType="DATE" property="booktime" />
    <result column="createtime" jdbcType="TIMESTAMP" property="createtime" />
    <result column="status" jdbcType="INTEGER" property="status" />
  </resultMap>
  <sql id="Example_Where_Clause">
    <where>
      <foreach collection="oredCriteria" item="criteria" separator="or">
        <if test="criteria.valid">
          <trim prefix="(" prefixOverrides="and" suffix=")">
            <foreach collection="criteria.criteria" item="criterion">
              <choose>
                <when test="criterion.noValue">
                  and ${criterion.condition}
                </when>
                <when test="criterion.singleValue">
                  and ${criterion.condition} #{criterion.value}
                </when>
                <when test="criterion.betweenValue">
                  and ${criterion.condition} #{criterion.value} and #{criterion.secondValue}
                </when>
                <when test="criterion.listValue">
                  and ${criterion.condition}
                  <foreach close=")" collection="criterion.value" item="listItem" open="(" separator=",">
                    #{listItem}
                  </foreach>
                </when>
              </choose>
            </foreach>
          </trim>
        </if>
      </foreach>
    </where>
  </sql>
  <sql id="Update_By_Example_Where_Clause">
    <where>
      <foreach collection="example.oredCriteria" item="criteria" separator="or">
        <if test="criteria.valid">
          <trim prefix="(" prefixOverrides="and" suffix=")">
            <foreach collection="criteria.criteria" item="criterion">
              <choose>
                <when test="criterion.noValue">
                  and ${criterion.condition}
                </when>
                <when test="criterion.singleValue">
                  and ${criterion.condition} #{criterion.value}
                </when>
                <when test="criterion.betweenValue">
                  and ${criterion.condition} #{criterion.value} and #{criterion.secondValue}
                </when>
                <when test="criterion.listValue">
                  and ${criterion.condition}
                  <foreach close=")" collection="criterion.value" item="listItem" open="(" separator=",">
                    #{listItem}
                  </foreach>
                </when>
              </choose>
            </foreach>
          </trim>
        </if>
      </foreach>
    </where>
  </sql>
  <sql id="Base_Column_List">
    appointment_id, patient_id, doctor_id, ilness, booktime, createtime, status
  </sql>
  <select id="selectByExample" parameterType="com.neuedu.hospital.pojo.AppointmentExample" resultMap="BaseResultMap">
    select
    <if test="distinct">
      distinct
    </if>
    <include refid="Base_Column_List" />
    from appointment
    <if test="_parameter != null">
      <include refid="Example_Where_Clause" />
    </if>
    <if test="orderByClause != null">
      order by ${orderByClause}
    </if>
  </select>
  <select id="selectByPrimaryKey" parameterType="java.lang.Integer" resultMap="BaseResultMap">
    select 
    <include refid="Base_Column_List" />
    from appointment
    where appointment_id = #{appointmentId,jdbcType=INTEGER}
  </select>
  <delete id="deleteByPrimaryKey" parameterType="java.lang.Integer">
    delete from appointment
    where appointment_id = #{appointmentId,jdbcType=INTEGER}
  </delete>
  <delete id="deleteByExample" parameterType="com.neuedu.hospital.pojo.AppointmentExample">
    delete from appointment
    <if test="_parameter != null">
      <include refid="Example_Where_Clause" />
    </if>
  </delete>
  <insert id="insert" parameterType="com.neuedu.hospital.pojo.Appointment">
    insert into appointment (appointment_id, patient_id, doctor_id, 
      ilness, booktime, createtime, 
      status)
    values (#{appointmentId,jdbcType=INTEGER}, #{patientId,jdbcType=INTEGER}, #{doctorId,jdbcType=INTEGER}, 
      #{ilness,jdbcType=VARCHAR}, #{booktime,jdbcType=DATE}, #{createtime,jdbcType=TIMESTAMP}, 
      #{status,jdbcType=INTEGER})
  </insert>
  <insert id="insertSelective" parameterType="com.neuedu.hospital.pojo.Appointment">
    insert into appointment
    <trim prefix="(" suffix=")" suffixOverrides=",">
      <if test="appointmentId != null">
        appointment_id,
      </if>
      <if test="patientId != null">
        patient_id,
      </if>
      <if test="doctorId != null">
        doctor_id,
      </if>
      <if test="ilness != null">
        ilness,
      </if>
      <if test="booktime != null">
        booktime,
      </if>
      <if test="createtime != null">
        createtime,
      </if>
      <if test="status != null">
        status,
      </if>
    </trim>
    <trim prefix="values (" suffix=")" suffixOverrides=",">
      <if test="appointmentId != null">
        #{appointmentId,jdbcType=INTEGER},
      </if>
      <if test="patientId != null">
        #{patientId,jdbcType=INTEGER},
      </if>
      <if test="doctorId != null">
        #{doctorId,jdbcType=INTEGER},
      </if>
      <if test="ilness != null">
        #{ilness,jdbcType=VARCHAR},
      </if>
      <if test="booktime != null">
        #{booktime,jdbcType=DATE},
      </if>
      <if test="createtime != null">
        #{createtime,jdbcType=TIMESTAMP},
      </if>
      <if test="status != null">
        #{status,jdbcType=INTEGER},
      </if>
    </trim>
  </insert>
  <select id="countByExample" parameterType="com.neuedu.hospital.pojo.AppointmentExample" resultType="java.lang.Integer">
    select count(*) from appointment
    <if test="_parameter != null">
      <include refid="Example_Where_Clause" />
    </if>
  </select>
  <update id="updateByExampleSelective" parameterType="map">
    update appointment
    <set>
      <if test="record.appointmentId != null">
        appointment_id = #{record.appointmentId,jdbcType=INTEGER},
      </if>
      <if test="record.patientId != null">
        patient_id = #{record.patientId,jdbcType=INTEGER},
      </if>
      <if test="record.doctorId != null">
        doctor_id = #{record.doctorId,jdbcType=INTEGER},
      </if>
      <if test="record.ilness != null">
        ilness = #{record.ilness,jdbcType=VARCHAR},
      </if>
      <if test="record.booktime != null">
        booktime = #{record.booktime,jdbcType=DATE},
      </if>
      <if test="record.createtime != null">
        createtime = #{record.createtime,jdbcType=TIMESTAMP},
      </if>
      <if test="record.status != null">
        status = #{record.status,jdbcType=INTEGER},
      </if>
    </set>
    <if test="_parameter != null">
      <include refid="Update_By_Example_Where_Clause" />
    </if>
  </update>
  <update id="updateByExample" parameterType="map">
    update appointment
    set appointment_id = #{record.appointmentId,jdbcType=INTEGER},
      patient_id = #{record.patientId,jdbcType=INTEGER},
      doctor_id = #{record.doctorId,jdbcType=INTEGER},
      ilness = #{record.ilness,jdbcType=VARCHAR},
      booktime = #{record.booktime,jdbcType=DATE},
      createtime = #{record.createtime,jdbcType=TIMESTAMP},
      status = #{record.status,jdbcType=INTEGER}
    <if test="_parameter != null">
      <include refid="Update_By_Example_Where_Clause" />
    </if>
  </update>
  <update id="updateByPrimaryKeySelective" parameterType="com.neuedu.hospital.pojo.Appointment">
    update appointment
    <set>
      <if test="patientId != null">
        patient_id = #{patientId,jdbcType=INTEGER},
      </if>
      <if test="doctorId != null">
        doctor_id = #{doctorId,jdbcType=INTEGER},
      </if>
      <if test="ilness != null">
        ilness = #{ilness,jdbcType=VARCHAR},
      </if>
      <if test="booktime != null">
        booktime = #{booktime,jdbcType=DATE},
      </if>
      <if test="createtime != null">
        createtime = #{createtime,jdbcType=TIMESTAMP},
      </if>
      <if test="status != null">
        status = #{status,jdbcType=INTEGER},
      </if>
    </set>
    where appointment_id = #{appointmentId,jdbcType=INTEGER}
  </update>
  <update id="updateByPrimaryKey" parameterType="com.neuedu.hospital.pojo.Appointment">
    update appointment
    set patient_id = #{patientId,jdbcType=INTEGER},
      doctor_id = #{doctorId,jdbcType=INTEGER},
      ilness = #{ilness,jdbcType=VARCHAR},
      booktime = #{booktime,jdbcType=DATE},
      createtime = #{createtime,jdbcType=TIMESTAMP},
      status = #{status,jdbcType=INTEGER}
    where appointment_id = #{appointmentId,jdbcType=INTEGER}
  </update>
  <resultMap id="BaseResultMap" type="com.neuedu.hospital.pojo.Appointment">
    <id column="appointment_id" jdbcType="INTEGER" property="appointmentId" />
    <result column="patient_id" jdbcType="INTEGER" property="patientId" />
    <result column="doctor_id" jdbcType="INTEGER" property="doctorId" />
    <result column="ilness" jdbcType="VARCHAR" property="ilness" />
    <result column="booktime" jdbcType="DATE" property="booktime" />
    <result column="createtime" jdbcType="TIMESTAMP" property="createtime" />
    <result column="status" jdbcType="INTEGER" property="status" />
  </resultMap>
  <sql id="Example_Where_Clause">
    <where>
      <foreach collection="oredCriteria" item="criteria" separator="or">
        <if test="criteria.valid">
          <trim prefix="(" prefixOverrides="and" suffix=")">
            <foreach collection="criteria.criteria" item="criterion">
              <choose>
                <when test="criterion.noValue">
                  and ${criterion.condition}
                </when>
                <when test="criterion.singleValue">
                  and ${criterion.condition} #{criterion.value}
                </when>
                <when test="criterion.betweenValue">
                  and ${criterion.condition} #{criterion.value} and #{criterion.secondValue}
                </when>
                <when test="criterion.listValue">
                  and ${criterion.condition}
                  <foreach close=")" collection="criterion.value" item="listItem" open="(" separator=",">
                    #{listItem}
                  </foreach>
                </when>
              </choose>
            </foreach>
          </trim>
        </if>
      </foreach>
    </where>
  </sql>
  <sql id="Update_By_Example_Where_Clause">
    <where>
      <foreach collection="example.oredCriteria" item="criteria" separator="or">
        <if test="criteria.valid">
          <trim prefix="(" prefixOverrides="and" suffix=")">
            <foreach collection="criteria.criteria" item="criterion">
              <choose>
                <when test="criterion.noValue">
                  and ${criterion.condition}
                </when>
                <when test="criterion.singleValue">
                  and ${criterion.condition} #{criterion.value}
                </when>
                <when test="criterion.betweenValue">
                  and ${criterion.condition} #{criterion.value} and #{criterion.secondValue}
                </when>
                <when test="criterion.listValue">
                  and ${criterion.condition}
                  <foreach close=")" collection="criterion.value" item="listItem" open="(" separator=",">
                    #{listItem}
                  </foreach>
                </when>
              </choose>
            </foreach>
          </trim>
        </if>
      </foreach>
    </where>
  </sql>
  <sql id="Base_Column_List">
    appointment_id, patient_id, doctor_id, ilness, booktime, createtime, status
  </sql>
  <select id="selectByExample" parameterType="com.neuedu.hospital.pojo.AppointmentExample" resultMap="BaseResultMap">
    select
    <if test="distinct">
      distinct
    </if>
    <include refid="Base_Column_List" />
    from appointment
    <if test="_parameter != null">
      <include refid="Example_Where_Clause" />
    </if>
    <if test="orderByClause != null">
      order by ${orderByClause}
    </if>
  </select>
  <select id="selectByPrimaryKey" parameterType="java.lang.Integer" resultMap="BaseResultMap">
    select 
    <include refid="Base_Column_List" />
    from appointment
    where appointment_id = #{appointmentId,jdbcType=INTEGER}
  </select>
  <delete id="deleteByPrimaryKey" parameterType="java.lang.Integer">
    delete from appointment
    where appointment_id = #{appointmentId,jdbcType=INTEGER}
  </delete>
  <delete id="deleteByExample" parameterType="com.neuedu.hospital.pojo.AppointmentExample">
    delete from appointment
    <if test="_parameter != null">
      <include refid="Example_Where_Clause" />
    </if>
  </delete>
  <insert id="insert" parameterType="com.neuedu.hospital.pojo.Appointment">
    insert into appointment (appointment_id, patient_id, doctor_id, 
      ilness, booktime, createtime, 
      status)
    values (#{appointmentId,jdbcType=INTEGER}, #{patientId,jdbcType=INTEGER}, #{doctorId,jdbcType=INTEGER}, 
      #{ilness,jdbcType=VARCHAR}, #{booktime,jdbcType=DATE}, #{createtime,jdbcType=TIMESTAMP}, 
      #{status,jdbcType=INTEGER})
  </insert>
  <insert id="insertSelective" parameterType="com.neuedu.hospital.pojo.Appointment">
    insert into appointment
    <trim prefix="(" suffix=")" suffixOverrides=",">
      <if test="appointmentId != null">
        appointment_id,
      </if>
      <if test="patientId != null">
        patient_id,
      </if>
      <if test="doctorId != null">
        doctor_id,
      </if>
      <if test="ilness != null">
        ilness,
      </if>
      <if test="booktime != null">
        booktime,
      </if>
      <if test="createtime != null">
        createtime,
      </if>
      <if test="status != null">
        status,
      </if>
    </trim>
    <trim prefix="values (" suffix=")" suffixOverrides=",">
      <if test="appointmentId != null">
        #{appointmentId,jdbcType=INTEGER},
      </if>
      <if test="patientId != null">
        #{patientId,jdbcType=INTEGER},
      </if>
      <if test="doctorId != null">
        #{doctorId,jdbcType=INTEGER},
      </if>
      <if test="ilness != null">
        #{ilness,jdbcType=VARCHAR},
      </if>
      <if test="booktime != null">
        #{booktime,jdbcType=DATE},
      </if>
      <if test="createtime != null">
        #{createtime,jdbcType=TIMESTAMP},
      </if>
      <if test="status != null">
        #{status,jdbcType=INTEGER},
      </if>
    </trim>
  </insert>
  <select id="countByExample" parameterType="com.neuedu.hospital.pojo.AppointmentExample" resultType="java.lang.Integer">
    select count(*) from appointment
    <if test="_parameter != null">
      <include refid="Example_Where_Clause" />
    </if>
  </select>
  <update id="updateByExampleSelective" parameterType="map">
    update appointment
    <set>
      <if test="record.appointmentId != null">
        appointment_id = #{record.appointmentId,jdbcType=INTEGER},
      </if>
      <if test="record.patientId != null">
        patient_id = #{record.patientId,jdbcType=INTEGER},
      </if>
      <if test="record.doctorId != null">
        doctor_id = #{record.doctorId,jdbcType=INTEGER},
      </if>
      <if test="record.ilness != null">
        ilness = #{record.ilness,jdbcType=VARCHAR},
      </if>
      <if test="record.booktime != null">
        booktime = #{record.booktime,jdbcType=DATE},
      </if>
      <if test="record.createtime != null">
        createtime = #{record.createtime,jdbcType=TIMESTAMP},
      </if>
      <if test="record.status != null">
        status = #{record.status,jdbcType=INTEGER},
      </if>
    </set>
    <if test="_parameter != null">
      <include refid="Update_By_Example_Where_Clause" />
    </if>
  </update>
  <update id="updateByExample" parameterType="map">
    update appointment
    set appointment_id = #{record.appointmentId,jdbcType=INTEGER},
      patient_id = #{record.patientId,jdbcType=INTEGER},
      doctor_id = #{record.doctorId,jdbcType=INTEGER},
      ilness = #{record.ilness,jdbcType=VARCHAR},
      booktime = #{record.booktime,jdbcType=DATE},
      createtime = #{record.createtime,jdbcType=TIMESTAMP},
      status = #{record.status,jdbcType=INTEGER}
    <if test="_parameter != null">
      <include refid="Update_By_Example_Where_Clause" />
    </if>
  </update>
  <update id="updateByPrimaryKeySelective" parameterType="com.neuedu.hospital.pojo.Appointment">
    update appointment
    <set>
      <if test="patientId != null">
        patient_id = #{patientId,jdbcType=INTEGER},
      </if>
      <if test="doctorId != null">
        doctor_id = #{doctorId,jdbcType=INTEGER},
      </if>
      <if test="ilness != null">
        ilness = #{ilness,jdbcType=VARCHAR},
      </if>
      <if test="booktime != null">
        booktime = #{booktime,jdbcType=DATE},
      </if>
      <if test="createtime != null">
        createtime = #{createtime,jdbcType=TIMESTAMP},
      </if>
      <if test="status != null">
        status = #{status,jdbcType=INTEGER},
      </if>
    </set>
    where appointment_id = #{appointmentId,jdbcType=INTEGER}
  </update>
  <update id="updateByPrimaryKey" parameterType="com.neuedu.hospital.pojo.Appointment">
    update appointment
    set patient_id = #{patientId,jdbcType=INTEGER},
      doctor_id = #{doctorId,jdbcType=INTEGER},
      ilness = #{ilness,jdbcType=VARCHAR},
      booktime = #{booktime,jdbcType=DATE},
      createtime = #{createtime,jdbcType=TIMESTAMP},
      status = #{status,jdbcType=INTEGER}
    where appointment_id = #{appointmentId,jdbcType=INTEGER}
  </update>
</mapper>