<?xml version="1.0" encoding="UTF-8"?>
<!DOCTYPE mapper PUBLIC "-//mybatis.org//DTD Mapper 3.0//EN" "http://mybatis.org/dtd/mybatis-3-mapper.dtd">
<mapper namespace="com.neuedu.hospital.mapper.DatadictionaryMapper">
  <resultMap id="BaseResultMap" type="com.neuedu.hospital.pojo.Datadictionary">
    <id column="datadictionary_id" jdbcType="INTEGER" property="datadictionaryId" />
    <result column="type" jdbcType="VARCHAR" property="type" />
    <result column="value" jdbcType="VARCHAR" property="value" />
    <result column="name" jdbcType="VARCHAR" property="name" />
  </resultMap>
  <sql id="Example_Where_Clause">
    <where>
      <foreach collection="oredCriteria" item="criteria" separator="or">
        <if test="criteria.valid">
          <trim prefix="(" prefixOverrides="and" suffix=")">
            <foreach collection="criteria.criteria" item="criterion">
              <choose>
                <when test="criterion.noValue">
                  and ${criterion.condition}
                </when>
                <when test="criterion.singleValue">
                  and ${criterion.condition} #{criterion.value}
                </when>
                <when test="criterion.betweenValue">
                  and ${criterion.condition} #{criterion.value} and #{criterion.secondValue}
                </when>
                <when test="criterion.listValue">
                  and ${criterion.condition}
                  <foreach close=")" collection="criterion.value" item="listItem" open="(" separator=",">
                    #{listItem}
                  </foreach>
                </when>
              </choose>
            </foreach>
          </trim>
        </if>
      </foreach>
    </where>
  </sql>
  <sql id="Update_By_Example_Where_Clause">
    <where>
      <foreach collection="example.oredCriteria" item="criteria" separator="or">
        <if test="criteria.valid">
          <trim prefix="(" prefixOverrides="and" suffix=")">
            <foreach collection="criteria.criteria" item="criterion">
              <choose>
                <when test="criterion.noValue">
                  and ${criterion.condition}
                </when>
                <when test="criterion.singleValue">
                  and ${criterion.condition} #{criterion.value}
                </when>
                <when test="criterion.betweenValue">
                  and ${criterion.condition} #{criterion.value} and #{criterion.secondValue}
                </when>
                <when test="criterion.listValue">
                  and ${criterion.condition}
                  <foreach close=")" collection="criterion.value" item="listItem" open="(" separator=",">
                    #{listItem}
                  </foreach>
                </when>
              </choose>
            </foreach>
          </trim>
        </if>
      </foreach>
    </where>
  </sql>
  <sql id="Base_Column_List">
    datadictionary_id, type, value, name
  </sql>
  <select id="selectByExample" parameterType="com.neuedu.hospital.pojo.DatadictionaryExample" resultMap="BaseResultMap">
    select
    <if test="distinct">
      distinct
    </if>
    <include refid="Base_Column_List" />
    from datadictionary
    <if test="_parameter != null">
      <include refid="Example_Where_Clause" />
    </if>
    <if test="orderByClause != null">
      order by ${orderByClause}
    </if>
  </select>
  <select id="selectByPrimaryKey" parameterType="java.lang.Integer" resultMap="BaseResultMap">
    select 
    <include refid="Base_Column_List" />
    from datadictionary
    where datadictionary_id = #{datadictionaryId,jdbcType=INTEGER}
  </select>
  <delete id="deleteByPrimaryKey" parameterType="java.lang.Integer">
    delete from datadictionary
    where datadictionary_id = #{datadictionaryId,jdbcType=INTEGER}
  </delete>
  <delete id="deleteByExample" parameterType="com.neuedu.hospital.pojo.DatadictionaryExample">
    delete from datadictionary
    <if test="_parameter != null">
      <include refid="Example_Where_Clause" />
    </if>
  </delete>
  <insert id="insert" parameterType="com.neuedu.hospital.pojo.Datadictionary">
    insert into datadictionary (datadictionary_id, type, value, 
      name)
    values (#{datadictionaryId,jdbcType=INTEGER}, #{type,jdbcType=VARCHAR}, #{value,jdbcType=VARCHAR}, 
      #{name,jdbcType=VARCHAR})
  </insert>
  <insert id="insertSelective" parameterType="com.neuedu.hospital.pojo.Datadictionary">
    insert into datadictionary
    <trim prefix="(" suffix=")" suffixOverrides=",">
      <if test="datadictionaryId != null">
        datadictionary_id,
      </if>
      <if test="type != null">
        type,
      </if>
      <if test="value != null">
        value,
      </if>
      <if test="name != null">
        name,
      </if>
    </trim>
    <trim prefix="values (" suffix=")" suffixOverrides=",">
      <if test="datadictionaryId != null">
        #{datadictionaryId,jdbcType=INTEGER},
      </if>
      <if test="type != null">
        #{type,jdbcType=VARCHAR},
      </if>
      <if test="value != null">
        #{value,jdbcType=VARCHAR},
      </if>
      <if test="name != null">
        #{name,jdbcType=VARCHAR},
      </if>
    </trim>
  </insert>
  <select id="countByExample" parameterType="com.neuedu.hospital.pojo.DatadictionaryExample" resultType="java.lang.Integer">
    select count(*) from datadictionary
    <if test="_parameter != null">
      <include refid="Example_Where_Clause" />
    </if>
  </select>
  <update id="updateByExampleSelective" parameterType="map">
    update datadictionary
    <set>
      <if test="record.datadictionaryId != null">
        datadictionary_id = #{record.datadictionaryId,jdbcType=INTEGER},
      </if>
      <if test="record.type != null">
        type = #{record.type,jdbcType=VARCHAR},
      </if>
      <if test="record.value != null">
        value = #{record.value,jdbcType=VARCHAR},
      </if>
      <if test="record.name != null">
        name = #{record.name,jdbcType=VARCHAR},
      </if>
    </set>
    <if test="_parameter != null">
      <include refid="Update_By_Example_Where_Clause" />
    </if>
  </update>
  <update id="updateByExample" parameterType="map">
    update datadictionary
    set datadictionary_id = #{record.datadictionaryId,jdbcType=INTEGER},
      type = #{record.type,jdbcType=VARCHAR},
      value = #{record.value,jdbcType=VARCHAR},
      name = #{record.name,jdbcType=VARCHAR}
    <if test="_parameter != null">
      <include refid="Update_By_Example_Where_Clause" />
    </if>
  </update>
  <update id="updateByPrimaryKeySelective" parameterType="com.neuedu.hospital.pojo.Datadictionary">
    update datadictionary
    <set>
      <if test="type != null">
        type = #{type,jdbcType=VARCHAR},
      </if>
      <if test="value != null">
        value = #{value,jdbcType=VARCHAR},
      </if>
      <if test="name != null">
        name = #{name,jdbcType=VARCHAR},
      </if>
    </set>
    where datadictionary_id = #{datadictionaryId,jdbcType=INTEGER}
  </update>
  <update id="updateByPrimaryKey" parameterType="com.neuedu.hospital.pojo.Datadictionary">
    update datadictionary
    set type = #{type,jdbcType=VARCHAR},
      value = #{value,jdbcType=VARCHAR},
      name = #{name,jdbcType=VARCHAR}
    where datadictionary_id = #{datadictionaryId,jdbcType=INTEGER}
  </update>
  <resultMap id="BaseResultMap" type="com.neuedu.hospital.pojo.Datadictionary">
    <id column="datadictionary_id" jdbcType="INTEGER" property="datadictionaryId" />
    <result column="type" jdbcType="VARCHAR" property="type" />
    <result column="value" jdbcType="VARCHAR" property="value" />
    <result column="name" jdbcType="VARCHAR" property="name" />
  </resultMap>
  <sql id="Example_Where_Clause">
    <where>
      <foreach collection="oredCriteria" item="criteria" separator="or">
        <if test="criteria.valid">
          <trim prefix="(" prefixOverrides="and" suffix=")">
            <foreach collection="criteria.criteria" item="criterion">
              <choose>
                <when test="criterion.noValue">
                  and ${criterion.condition}
                </when>
                <when test="criterion.singleValue">
                  and ${criterion.condition} #{criterion.value}
                </when>
                <when test="criterion.betweenValue">
                  and ${criterion.condition} #{criterion.value} and #{criterion.secondValue}
                </when>
                <when test="criterion.listValue">
                  and ${criterion.condition}
                  <foreach close=")" collection="criterion.value" item="listItem" open="(" separator=",">
                    #{listItem}
                  </foreach>
                </when>
              </choose>
            </foreach>
          </trim>
        </if>
      </foreach>
    </where>
  </sql>
  <sql id="Update_By_Example_Where_Clause">
    <where>
      <foreach collection="example.oredCriteria" item="criteria" separator="or">
        <if test="criteria.valid">
          <trim prefix="(" prefixOverrides="and" suffix=")">
            <foreach collection="criteria.criteria" item="criterion">
              <choose>
                <when test="criterion.noValue">
                  and ${criterion.condition}
                </when>
                <when test="criterion.singleValue">
                  and ${criterion.condition} #{criterion.value}
                </when>
                <when test="criterion.betweenValue">
                  and ${criterion.condition} #{criterion.value} and #{criterion.secondValue}
                </when>
                <when test="criterion.listValue">
                  and ${criterion.condition}
                  <foreach close=")" collection="criterion.value" item="listItem" open="(" separator=",">
                    #{listItem}
                  </foreach>
                </when>
              </choose>
            </foreach>
          </trim>
        </if>
      </foreach>
    </where>
  </sql>
  <sql id="Base_Column_List">
    datadictionary_id, type, value, name
  </sql>
  <select id="selectByExample" parameterType="com.neuedu.hospital.pojo.DatadictionaryExample" resultMap="BaseResultMap">
    select
    <if test="distinct">
      distinct
    </if>
    <include refid="Base_Column_List" />
    from datadictionary
    <if test="_parameter != null">
      <include refid="Example_Where_Clause" />
    </if>
    <if test="orderByClause != null">
      order by ${orderByClause}
    </if>
  </select>
  <select id="selectByPrimaryKey" parameterType="java.lang.Integer" resultMap="BaseResultMap">
    select 
    <include refid="Base_Column_List" />
    from datadictionary
    where datadictionary_id = #{datadictionaryId,jdbcType=INTEGER}
  </select>
  <delete id="deleteByPrimaryKey" parameterType="java.lang.Integer">
    delete from datadictionary
    where datadictionary_id = #{datadictionaryId,jdbcType=INTEGER}
  </delete>
  <delete id="deleteByExample" parameterType="com.neuedu.hospital.pojo.DatadictionaryExample">
    delete from datadictionary
    <if test="_parameter != null">
      <include refid="Example_Where_Clause" />
    </if>
  </delete>
  <insert id="insert" parameterType="com.neuedu.hospital.pojo.Datadictionary">
    insert into datadictionary (datadictionary_id, type, value, 
      name)
    values (#{datadictionaryId,jdbcType=INTEGER}, #{type,jdbcType=VARCHAR}, #{value,jdbcType=VARCHAR}, 
      #{name,jdbcType=VARCHAR})
  </insert>
  <insert id="insertSelective" parameterType="com.neuedu.hospital.pojo.Datadictionary">
    insert into datadictionary
    <trim prefix="(" suffix=")" suffixOverrides=",">
      <if test="datadictionaryId != null">
        datadictionary_id,
      </if>
      <if test="type != null">
        type,
      </if>
      <if test="value != null">
        value,
      </if>
      <if test="name != null">
        name,
      </if>
    </trim>
    <trim prefix="values (" suffix=")" suffixOverrides=",">
      <if test="datadictionaryId != null">
        #{datadictionaryId,jdbcType=INTEGER},
      </if>
      <if test="type != null">
        #{type,jdbcType=VARCHAR},
      </if>
      <if test="value != null">
        #{value,jdbcType=VARCHAR},
      </if>
      <if test="name != null">
        #{name,jdbcType=VARCHAR},
      </if>
    </trim>
  </insert>
  <select id="countByExample" parameterType="com.neuedu.hospital.pojo.DatadictionaryExample" resultType="java.lang.Integer">
    select count(*) from datadictionary
    <if test="_parameter != null">
      <include refid="Example_Where_Clause" />
    </if>
  </select>
  <update id="updateByExampleSelective" parameterType="map">
    update datadictionary
    <set>
      <if test="record.datadictionaryId != null">
        datadictionary_id = #{record.datadictionaryId,jdbcType=INTEGER},
      </if>
      <if test="record.type != null">
        type = #{record.type,jdbcType=VARCHAR},
      </if>
      <if test="record.value != null">
        value = #{record.value,jdbcType=VARCHAR},
      </if>
      <if test="record.name != null">
        name = #{record.name,jdbcType=VARCHAR},
      </if>
    </set>
    <if test="_parameter != null">
      <include refid="Update_By_Example_Where_Clause" />
    </if>
  </update>
  <update id="updateByExample" parameterType="map">
    update datadictionary
    set datadictionary_id = #{record.datadictionaryId,jdbcType=INTEGER},
      type = #{record.type,jdbcType=VARCHAR},
      value = #{record.value,jdbcType=VARCHAR},
      name = #{record.name,jdbcType=VARCHAR}
    <if test="_parameter != null">
      <include refid="Update_By_Example_Where_Clause" />
    </if>
  </update>
  <update id="updateByPrimaryKeySelective" parameterType="com.neuedu.hospital.pojo.Datadictionary">
    update datadictionary
    <set>
      <if test="type != null">
        type = #{type,jdbcType=VARCHAR},
      </if>
      <if test="value != null">
        value = #{value,jdbcType=VARCHAR},
      </if>
      <if test="name != null">
        name = #{name,jdbcType=VARCHAR},
      </if>
    </set>
    where datadictionary_id = #{datadictionaryId,jdbcType=INTEGER}
  </update>
  <update id="updateByPrimaryKey" parameterType="com.neuedu.hospital.pojo.Datadictionary">
    update datadictionary
    set type = #{type,jdbcType=VARCHAR},
      value = #{value,jdbcType=VARCHAR},
      name = #{name,jdbcType=VARCHAR}
    where datadictionary_id = #{datadictionaryId,jdbcType=INTEGER}
  </update>
</mapper>