<?xml version="1.0" encoding="UTF-8"?>
<!DOCTYPE mapper PUBLIC "-//mybatis.org//DTD Mapper 3.0//EN" "http://mybatis.org/dtd/mybatis-3-mapper.dtd">
<mapper namespace="com.neuedu.hospital.mapper.DepartmentMapper">
  <resultMap id="BaseResultMap" type="com.neuedu.hospital.pojo.Department">
    <id column="department_id" jdbcType="INTEGER" property="departmentId" />
    <result column="department_name" jdbcType="VARCHAR" property="departmentName" />
  </resultMap>
  <sql id="Example_Where_Clause">
    <where>
      <foreach collection="oredCriteria" item="criteria" separator="or">
        <if test="criteria.valid">
          <trim prefix="(" prefixOverrides="and" suffix=")">
            <foreach collection="criteria.criteria" item="criterion">
              <choose>
                <when test="criterion.noValue">
                  and ${criterion.condition}
                </when>
                <when test="criterion.singleValue">
                  and ${criterion.condition} #{criterion.value}
                </when>
                <when test="criterion.betweenValue">
                  and ${criterion.condition} #{criterion.value} and #{criterion.secondValue}
                </when>
                <when test="criterion.listValue">
                  and ${criterion.condition}
                  <foreach close=")" collection="criterion.value" item="listItem" open="(" separator=",">
                    #{listItem}
                  </foreach>
                </when>
              </choose>
            </foreach>
          </trim>
        </if>
      </foreach>
    </where>
  </sql>
  <sql id="Update_By_Example_Where_Clause">
    <where>
      <foreach collection="example.oredCriteria" item="criteria" separator="or">
        <if test="criteria.valid">
          <trim prefix="(" prefixOverrides="and" suffix=")">
            <foreach collection="criteria.criteria" item="criterion">
              <choose>
                <when test="criterion.noValue">
                  and ${criterion.condition}
                </when>
                <when test="criterion.singleValue">
                  and ${criterion.condition} #{criterion.value}
                </when>
                <when test="criterion.betweenValue">
                  and ${criterion.condition} #{criterion.value} and #{criterion.secondValue}
                </when>
                <when test="criterion.listValue">
                  and ${criterion.condition}
                  <foreach close=")" collection="criterion.value" item="listItem" open="(" separator=",">
                    #{listItem}
                  </foreach>
                </when>
              </choose>
            </foreach>
          </trim>
        </if>
      </foreach>
    </where>
  </sql>
  <sql id="Base_Column_List">
    department_id, department_name
  </sql>
  <select id="selectByExample" parameterType="com.neuedu.hospital.pojo.DepartmentExample" resultMap="BaseResultMap">
    select
    <if test="distinct">
      distinct
    </if>
    <include refid="Base_Column_List" />
    from department
    <if test="_parameter != null">
      <include refid="Example_Where_Clause" />
    </if>
    <if test="orderByClause != null">
      order by ${orderByClause}
    </if>
  </select>
  <select id="selectByPrimaryKey" parameterType="java.lang.Integer" resultMap="BaseResultMap">
    select 
    <include refid="Base_Column_List" />
    from department
    where department_id = #{departmentId,jdbcType=INTEGER}
  </select>
  <delete id="deleteByPrimaryKey" parameterType="java.lang.Integer">
    delete from department
    where department_id = #{departmentId,jdbcType=INTEGER}
  </delete>
  <delete id="deleteByExample" parameterType="com.neuedu.hospital.pojo.DepartmentExample">
    delete from department
    <if test="_parameter != null">
      <include refid="Example_Where_Clause" />
    </if>
  </delete>
  <insert id="insert" parameterType="com.neuedu.hospital.pojo.Department">
    insert into department (department_id, department_name)
    values (#{departmentId,jdbcType=INTEGER}, #{departmentName,jdbcType=VARCHAR})
  </insert>
  <insert id="insertSelective" parameterType="com.neuedu.hospital.pojo.Department">
    insert into department
    <trim prefix="(" suffix=")" suffixOverrides=",">
      <if test="departmentId != null">
        department_id,
      </if>
      <if test="departmentName != null">
        department_name,
      </if>
    </trim>
    <trim prefix="values (" suffix=")" suffixOverrides=",">
      <if test="departmentId != null">
        #{departmentId,jdbcType=INTEGER},
      </if>
      <if test="departmentName != null">
        #{departmentName,jdbcType=VARCHAR},
      </if>
    </trim>
  </insert>
  <select id="countByExample" parameterType="com.neuedu.hospital.pojo.DepartmentExample" resultType="java.lang.Integer">
    select count(*) from department
    <if test="_parameter != null">
      <include refid="Example_Where_Clause" />
    </if>
  </select>
  <update id="updateByExampleSelective" parameterType="map">
    update department
    <set>
      <if test="record.departmentId != null">
        department_id = #{record.departmentId,jdbcType=INTEGER},
      </if>
      <if test="record.departmentName != null">
        department_name = #{record.departmentName,jdbcType=VARCHAR},
      </if>
    </set>
    <if test="_parameter != null">
      <include refid="Update_By_Example_Where_Clause" />
    </if>
  </update>
  <update id="updateByExample" parameterType="map">
    update department
    set department_id = #{record.departmentId,jdbcType=INTEGER},
      department_name = #{record.departmentName,jdbcType=VARCHAR}
    <if test="_parameter != null">
      <include refid="Update_By_Example_Where_Clause" />
    </if>
  </update>
  <update id="updateByPrimaryKeySelective" parameterType="com.neuedu.hospital.pojo.Department">
    update department
    <set>
      <if test="departmentName != null">
        department_name = #{departmentName,jdbcType=VARCHAR},
      </if>
    </set>
    where department_id = #{departmentId,jdbcType=INTEGER}
  </update>
  <update id="updateByPrimaryKey" parameterType="com.neuedu.hospital.pojo.Department">
    update department
    set department_name = #{departmentName,jdbcType=VARCHAR}
    where department_id = #{departmentId,jdbcType=INTEGER}
  </update>
  <resultMap id="BaseResultMap" type="com.neuedu.hospital.pojo.Department">
    <id column="department_id" jdbcType="INTEGER" property="departmentId" />
    <result column="department_name" jdbcType="VARCHAR" property="departmentName" />
  </resultMap>
  <sql id="Example_Where_Clause">
    <where>
      <foreach collection="oredCriteria" item="criteria" separator="or">
        <if test="criteria.valid">
          <trim prefix="(" prefixOverrides="and" suffix=")">
            <foreach collection="criteria.criteria" item="criterion">
              <choose>
                <when test="criterion.noValue">
                  and ${criterion.condition}
                </when>
                <when test="criterion.singleValue">
                  and ${criterion.condition} #{criterion.value}
                </when>
                <when test="criterion.betweenValue">
                  and ${criterion.condition} #{criterion.value} and #{criterion.secondValue}
                </when>
                <when test="criterion.listValue">
                  and ${criterion.condition}
                  <foreach close=")" collection="criterion.value" item="listItem" open="(" separator=",">
                    #{listItem}
                  </foreach>
                </when>
              </choose>
            </foreach>
          </trim>
        </if>
      </foreach>
    </where>
  </sql>
  <sql id="Update_By_Example_Where_Clause">
    <where>
      <foreach collection="example.oredCriteria" item="criteria" separator="or">
        <if test="criteria.valid">
          <trim prefix="(" prefixOverrides="and" suffix=")">
            <foreach collection="criteria.criteria" item="criterion">
              <choose>
                <when test="criterion.noValue">
                  and ${criterion.condition}
                </when>
                <when test="criterion.singleValue">
                  and ${criterion.condition} #{criterion.value}
                </when>
                <when test="criterion.betweenValue">
                  and ${criterion.condition} #{criterion.value} and #{criterion.secondValue}
                </when>
                <when test="criterion.listValue">
                  and ${criterion.condition}
                  <foreach close=")" collection="criterion.value" item="listItem" open="(" separator=",">
                    #{listItem}
                  </foreach>
                </when>
              </choose>
            </foreach>
          </trim>
        </if>
      </foreach>
    </where>
  </sql>
  <sql id="Base_Column_List">
    department_id, department_name
  </sql>
  <select id="selectByExample" parameterType="com.neuedu.hospital.pojo.DepartmentExample" resultMap="BaseResultMap">
    select
    <if test="distinct">
      distinct
    </if>
    <include refid="Base_Column_List" />
    from department
    <if test="_parameter != null">
      <include refid="Example_Where_Clause" />
    </if>
    <if test="orderByClause != null">
      order by ${orderByClause}
    </if>
  </select>
  <select id="selectByPrimaryKey" parameterType="java.lang.Integer" resultMap="BaseResultMap">
    select 
    <include refid="Base_Column_List" />
    from department
    where department_id = #{departmentId,jdbcType=INTEGER}
  </select>
  <delete id="deleteByPrimaryKey" parameterType="java.lang.Integer">
    delete from department
    where department_id = #{departmentId,jdbcType=INTEGER}
  </delete>
  <delete id="deleteByExample" parameterType="com.neuedu.hospital.pojo.DepartmentExample">
    delete from department
    <if test="_parameter != null">
      <include refid="Example_Where_Clause" />
    </if>
  </delete>
  <insert id="insert" parameterType="com.neuedu.hospital.pojo.Department">
    insert into department (department_id, department_name)
    values (#{departmentId,jdbcType=INTEGER}, #{departmentName,jdbcType=VARCHAR})
  </insert>
  <insert id="insertSelective" parameterType="com.neuedu.hospital.pojo.Department">
    insert into department
    <trim prefix="(" suffix=")" suffixOverrides=",">
      <if test="departmentId != null">
        department_id,
      </if>
      <if test="departmentName != null">
        department_name,
      </if>
    </trim>
    <trim prefix="values (" suffix=")" suffixOverrides=",">
      <if test="departmentId != null">
        #{departmentId,jdbcType=INTEGER},
      </if>
      <if test="departmentName != null">
        #{departmentName,jdbcType=VARCHAR},
      </if>
    </trim>
  </insert>
  <select id="countByExample" parameterType="com.neuedu.hospital.pojo.DepartmentExample" resultType="java.lang.Integer">
    select count(*) from department
    <if test="_parameter != null">
      <include refid="Example_Where_Clause" />
    </if>
  </select>
  <update id="updateByExampleSelective" parameterType="map">
    update department
    <set>
      <if test="record.departmentId != null">
        department_id = #{record.departmentId,jdbcType=INTEGER},
      </if>
      <if test="record.departmentName != null">
        department_name = #{record.departmentName,jdbcType=VARCHAR},
      </if>
    </set>
    <if test="_parameter != null">
      <include refid="Update_By_Example_Where_Clause" />
    </if>
  </update>
  <update id="updateByExample" parameterType="map">
    update department
    set department_id = #{record.departmentId,jdbcType=INTEGER},
      department_name = #{record.departmentName,jdbcType=VARCHAR}
    <if test="_parameter != null">
      <include refid="Update_By_Example_Where_Clause" />
    </if>
  </update>
  <update id="updateByPrimaryKeySelective" parameterType="com.neuedu.hospital.pojo.Department">
    update department
    <set>
      <if test="departmentName != null">
        department_name = #{departmentName,jdbcType=VARCHAR},
      </if>
    </set>
    where department_id = #{departmentId,jdbcType=INTEGER}
  </update>
  <update id="updateByPrimaryKey" parameterType="com.neuedu.hospital.pojo.Department">
    update department
    set department_name = #{departmentName,jdbcType=VARCHAR}
    where department_id = #{departmentId,jdbcType=INTEGER}
  </update>
</mapper>