<?xml version="1.0" encoding="UTF-8" ?>
<!DOCTYPE generatorConfiguration PUBLIC
        "-//mybatis.org//DTD MyBatis Generator Configuration 1.0//EN"
        "http://mybatis.org/dtd/mybatis-generator-config_1_0.dtd" >
<generatorConfiguration>
    <context id="mysqlgenerator" targetRuntime="MyBatis3">
        <!-- optional，旨在创建class时，对注释进行控制 -->
        <commentGenerator>
            <property name="suppressDate" value="true"/>
            <property name="suppressAllComments" value="true"/>
        </commentGenerator>
        <!--jdbc的数据库连接 -->
        <jdbcConnection driverClass="com.mysql.cj.jdbc.Driver"
                        connectionURL="jdbc:mysql://localhost:3306/hospitals?useSSL=false&amp;serverTimezone=UTC"
                        userId="root"
                        password="root">
            <property name="nullCatalogMeansCurrent" value="true"/>
        </jdbcConnection>

        <javaTypeResolver>
            <property name="forceBigDecimals" value="false"/>
        </javaTypeResolver>

        <!-- !!!! Model Configurations !!!! -->
        <javaModelGenerator targetPackage="com.neuedu.Hospital.pojo" targetProject="src/main/java">
            <!-- enableSubPackages:是否让schema作为包的后缀 -->
            <property name="enableSubPackages" value="false"/>
            <!-- 从数据库返回的值被清理前后的空格 -->
            <property name="trimStrings" value="true"/>
        </javaModelGenerator>

        <!-- !!!! Mapper XML Configurations !!!! -->
        <sqlMapGenerator targetPackage="com.neuedu.Hospital.mapping" targetProject="src/main/java">
            <property name="enableSubPackages" value="false"/>
        </sqlMapGenerator>

        <!-- !!!! Mapper Interface Configurations !!!! -->
        <javaClientGenerator targetPackage="com.neuedu.Hospital.mapper" targetProject="src/main/java" type="XMLMAPPER">
            <property name="enableSubPackages" value="false"/>
        </javaClientGenerator>

        <!-- !!!! Table Configurations !!!! -->
        <!-- 指定数据库表 -->
        <table tableName="login" domainObjectName="Login"></table>
        <table tableName="patient" domainObjectName="Patient"></table>
        <table tableName="doctor" domainObjectName="Doctor"></table>
        <table tableName="department" domainObjectName="Department"></table>
        <table tableName="appointment" domainObjectName="Appointment"></table>
        <table tableName="datadictionary" domainObjectName="Datadictionary"></table>

    </context>
</generatorConfiguration>